Artist, Album
"Boards of Canada", "Music has the Right to Children"
"Easy Star All-Stars", "Dub Side of the Moon"
"The Glitch Mob", "Love Death Immortality"
"Justice", "â€ "
"Miike Snow", "Miike Snow"
"Miike Snow", "Happy To You"
"Royksopp", "Senior"
"Royksopp", "Junior"
"Royksopp", "Melody A.M."
"Royksopp", "The Understanding"
"Royksopp", "The Inevitable End"
"Ulrich Schnauss", "Far Away Trains Passing By"
"Ulrich Schnauss", "A Strangely Isolated Place"
"Zero 7", "Simple Things"
"The New Deal", "Live, Toronto 7.16.2009"
"Four Tet", "Beautiful Rewind"
"Burial", "Untrue"
"Anthems for Androids", "Zoogma"
"The New Deal", "Gone Gone Gone"
"Aphex Twin", "Syro"
"Aphex Twin", "Drukqs"
